nama_produk,harga_produk,toko,kota,jumlah_penjualan,rating_produk
MASJAY Seblak Bumbu Membara Instant - No.1 Street Food Bandung,Rp15.000,,,250+ terjual,4.9
Geli Food Seblak Ceker Tanpa Tulang Super Pedas 180gr,Rp24.000,,,80+ terjual,5.0
Gelifood Seblak Instan Kerupuk Mawar Bumbu Kencur Rafael Pedas Gurih,Rp15.000,,,250+ terjual,4.8
Seblak Instan Ceu Nthien Khas Bandung Rasana Ngeunah Pisan,Rp17.000,Central Seblak Nusantara,Tangerang Selatan,2rb+ terjual,4.9
Kerupuk seblak pedas,Rp15.000,MACALONI SNACK,Cimahi,10 terjual,5.0
GFS Seblak Basah Instan Original - Tinggal Seduh 3 Menit Langsung Siap,Rp16.618,Lakoca Official Shop,Cimahi,100+ terjual,4.9
KERUPUK SEBLAK MENTAH 1KG WARNA WARNI - Mawar Warna,Rp23.500,BociKakang,Jakarta Selatan,250+ terjual,5.0
Seblak instant murah,Rp4.900,dapurbulbin,Bandung,,
"Seblak Rafael, Seblak Coet Instan Halal",Rp25.000,Brother Meat Shop,Depok,250+ terjual,5.0
SEBLAK INSTANT TERMURAH,Rp4.450,Pusat Cuankie & Cemilan Frozen,Jakarta Timur,10rb+ terjual,4.8
Seblak Instan Pedas Home Made,Rp3.500,the Dhecip,Tangerang Selatan,3rb+ terjual,4.9
Seblak Instan Ceu Nthien Khas Bandung Rasana Ngeunah Pisan,Rp17.000,Central Seblak Nusantara,Tangerang Selatan,2rb+ terjual,4.9
SEBLAK INSTAN MAMANG TERMURAH,Rp4.200,global cookware1,Jakarta Barat,250+ terjual,5.0
"Seblak Rafael, Seblak Coet Instan Halal",Rp25.000,Brother Meat Shop,Depok,250+ terjual,5.0
Seblak Instan Ceu Nthien Khas Bandung Rasana Ngeunah Pisan,Rp17.000,Central Seblak Nusantara,Tangerang Selatan,2rb+ terjual,4.9
Seblak Instan Pedas Home Made,Rp3.500,the Dhecip,Tangerang Selatan,3rb+ terjual,4.9
SEBLAK INSTANT TERMURAH,Rp4.450,Pusat Cuankie & Cemilan Frozen,Jakarta Timur,10rb+ terjual,4.8
SEBLAK INSTAN MAMANG TERMURAH,Rp4.200,global cookware1,Jakarta Barat,250+ terjual,5.0
KERUPUK SEBLAK PEDAS / KRUPUK SEBLAK KERING DAUN JERUK PEDES,Rp25.000,LEGIT SNACK,Jakarta Barat,60+ terjual,5.0
SEBRING KRUPUK KERUPUK SEBLAK KERING PEDAS DAUN JERUK 1KG CABE ASLI,Rp16.000,Aydaa Snack,Surakarta,90+ terjual,4.9
"siomay kering bandung 500 gr. untuk baso aci, seblak ,mie ayam dll",Rp14.999,aghniya,Tangerang Selatan,750+ terjual,4.9
kerupuk seblak kering pedas 1 kg keripik hot spicy camilan kekinian,Rp41.000,JAGO TOK PETOK,Surabaya,100+ terjual,4.9
KERUPUK SEBLAK RAFAEL KERING BANTAT PEDES DAUN JERUK 250gr,Rp18.000,AyundaSnack,Bandung,80+ terjual,4.9
"Seblak Rafael, Seblak Coet Instan Halal",Rp25.000,Brother Meat Shop,Depok,250+ terjual,5.0
Kerupuk Seblak Rafael Pedas / Seblak Mawar Pedes - Duo Bocil Snack,Rp16.000,DUO BOCIL SNACK,Depok,100+ terjual,5.0
Gelifood Seblak Instan Kerupuk Mawar Bumbu Kencur Rafael Pedas Gurih,Rp15.000,Lidigeli,Kab. Garut,250+ terjual,4.8
Kerupuk Seblak Rafael Mawar Kecil Mentah 500 Gr / Seblak Viral YONGKI,Rp11.980,insanprimastore,Tangerang Selatan,30+ terjual,5.0
Kerupuk SEBLAK MAWAR Rafael - Cikruh Daun Jeruk,Rp20.000,KRIUK JAYA,Jakarta Barat,40+ terjual,4.9
"Seblak Rafael, Seblak Coet Instan Halal",Rp25.000,Brother Meat Shop,Depok,250+ terjual,5.0
Seblak Instan Ceu Nthien Khas Bandung Rasana Ngeunah Pisan,Rp17.000,Central Seblak Nusantara,Tangerang Selatan,2rb+ terjual,4.9
"Kylafood Seblak Rempah Autentik 115gr, Seblak Instan Halal",Rp9.900,Brother Meat Shop,Depok,100+ terjual,4.9
Seblak Instan Pedas Home Made,Rp3.500,the Dhecip,Tangerang Selatan,3rb+ terjual,4.9
SEBLAK INSTANT TERMURAH,Rp4.450,Pusat Cuankie & Cemilan Frozen,Jakarta Timur,10rb+ terjual,4.8
SEBRING KRUPUK KERUPUK SEBLAK KERING PEDAS DAUN JERUK 1KG CABE ASLI,Rp16.000,Aydaa Snack,Surakarta,90+ terjual,4.9
Gelifood Seblak Instan Kerupuk Mawar Bumbu Kencur Rafael Pedas Gurih,Rp15.000,Lidigeli,Kab. Garut,250+ terjual,4.8
kerupuk seblak polos pedas 500gr jajanan cemilan sneck makanan keripik,Rp20.000,pelangi khatulistiwa 2,Surabaya,40+ terjual,4.9
seblak basreng pedas original exstra daun jeruk 500gram,Rp25.000,Seblak putra bandung,Kab. Bandung,250+ terjual,4.8
Kerupuk Seblak Rafael Pedas / Seblak Mawar Pedes - Duo Bocil Snack,Rp16.000,DUO BOCIL SNACK,Depok,100+ terjual,5.0
 Kylafood Paket 4 Seblak Original 1 Batagor,Rp99.615,,,1 rb+ terjual,4.9
Kylafood Seblak Karuhun Play,Rp12.825,,,250+ terjual,4.9
Kylafood Seblak Original Isi 10 pcs,Rp187.050,,,17 terjual,5.0
Seblak Beton 1kg Pedas Daun Jeruk / Seblak Kerupuk JAAT 1kg ,Rp40.000,D&R-9 collection,Bandung,,
SEBLAK KERING 100gr DUA VARIAN RASA,Rp4.500,jajanangarut19,Jakarta Selatan,250+ terjual,4.6
Pasar Keripik Kerupuk Seblak Mawar Mini Pedas size Kecil,Rp12.500,Pasar Keripik Bandung,Bandung,60+ terjual,4.9
Gelichips Seblak Kering Sebring Camilan Kerupuk Pedas Combo 4pcs 65 gr,Rp49.000,Lidigeli,Kab. Garut,5 terjual,5.0
"Kylafood Paket ( Seblak Original, Batagor, Cireng Rujak, Boci Goang)",Rp86.130,kylafood,Bandung,750+ terjual,4.9
PAKET MIX HEMAT 50 BASO ACI/BOCI/SEBLAK/CUANKI,Rp87.000,ArfaOnlineShop,Tangerang,50+ terjual,5.0
Cuanki Seblak Baso Aci Boci Express Instant Kuliner Bandung Pilih ,Rp6.000,Ebay Store,Kab. Tangerang,10 terjual,5.0
"keripik beling/kaca 1/2 kg. bumbu seblak daun jeruk enak, gurih, pedas",Rp25.999,aghniya,Tangerang Selatan,250+ terjual,4.9
Kerupuk Seblak Jeruk,Rp14.000,oke snack,Jakarta Selatan,250+ terjual,4.9
Seblak Instan KSN,Rp10.000,Ohayo Bento New,Jakarta Timur,40+ terjual,4.8
"Seblak Rafael, Seblak Coet Instan Halal",Rp25.000,Brother Meat Shop,Depok,250+ terjual,5.0
Seblak Instan Ceu Nthien Khas Bandung Rasana Ngeunah Pisan,Rp17.000,Central Seblak Nusantara,Tangerang Selatan,2rb+ terjual,4.9
Seblak Instan Pedas Home Made,Rp3.500,the Dhecip,Tangerang Selatan,3rb+ terjual,4.9
SEBLAK INSTANT TERMURAH,Rp4.450,Pusat Cuankie & Cemilan Frozen,Jakarta Timur,10rb+ terjual,4.8
SEBLAK INSTAN MAMANG TERMURAH,Rp4.200,global cookware1,Jakarta Barat,250+ terjual,5.0
KERUPUK SEBLAK PEDAS / KRUPUK SEBLAK KERING DAUN JERUK PEDES,Rp25.000,LEGIT SNACK,Jakarta Barat,60+ terjual,5.0
SEBRING KRUPUK KERUPUK SEBLAK KERING PEDAS DAUN JERUK 1KG CABE ASLI,Rp16.000,Aydaa Snack,Surakarta,90+ terjual,4.9
"siomay kering bandung 500 gr. untuk baso aci, seblak ,mie ayam dll",Rp14.999,aghniya,Tangerang Selatan,750+ terjual,4.9
kerupuk seblak kering pedas 1 kg keripik hot spicy camilan kekinian,Rp41.000,JAGO TOK PETOK,Surabaya,100+ terjual,4.9
KERUPUK SEBLAK RAFAEL KERING BANTAT PEDES DAUN JERUK 250gr,Rp18.000,AyundaSnack,Bandung,80+ terjual,4.9
"Seblak Rafael, Seblak Coet Instan Halal",Rp25.000,Brother Meat Shop,Depok,250+ terjual,5.0
Kerupuk Seblak Rafael Pedas / Seblak Mawar Pedes - Duo Bocil Snack,Rp16.000,DUO BOCIL SNACK,Depok,100+ terjual,5.0
Gelifood Seblak Instan Kerupuk Mawar Bumbu Kencur Rafael Pedas Gurih,Rp15.000,Lidigeli,Kab. Garut,250+ terjual,4.8
Kerupuk Seblak Rafael Mawar Kecil Mentah 500 Gr / Seblak Viral YONGKI,Rp11.980,insanprimastore,Tangerang Selatan,30+ terjual,5.0
Kerupuk SEBLAK MAWAR Rafael - Cikruh Daun Jeruk,Rp20.000,KRIUK JAYA,Jakarta Barat,40+ terjual,4.9
"Seblak Rafael, Seblak Coet Instan Halal",Rp25.000,Brother Meat Shop,Depok,250+ terjual,5.0
Seblak Instan Ceu Nthien Khas Bandung Rasana Ngeunah Pisan,Rp17.000,Central Seblak Nusantara,Tangerang Selatan,2rb+ terjual,4.9
"Kylafood Seblak Rempah Autentik 115gr, Seblak Instan Halal",Rp9.900,Brother Meat Shop,Depok,100+ terjual,4.9
Seblak Instan Pedas Home Made,Rp3.500,the Dhecip,Tangerang Selatan,3rb+ terjual,4.9
SEBLAK INSTANT TERMURAH,Rp4.450,Pusat Cuankie & Cemilan Frozen,Jakarta Timur,10rb+ terjual,4.8
SEBRING KRUPUK KERUPUK SEBLAK KERING PEDAS DAUN JERUK 1KG CABE ASLI,Rp16.000,Aydaa Snack,Surakarta,90+ terjual,4.9
Gelifood Seblak Instan Kerupuk Mawar Bumbu Kencur Rafael Pedas Gurih,Rp15.000,Lidigeli,Kab. Garut,250+ terjual,4.8
kerupuk seblak polos pedas 500gr jajanan cemilan sneck makanan keripik,Rp20.000,pelangi khatulistiwa 2,Surabaya,40+ terjual,4.9
seblak basreng pedas original exstra daun jeruk 500gram,Rp25.000,Seblak putra bandung,Kab. Bandung,250+ terjual,4.8
Kerupuk Seblak Rafael Pedas / Seblak Mawar Pedes - Duo Bocil Snack,Rp16.000,DUO BOCIL SNACK,Depok,100+ terjual,5.0
BASO ACI TULANG RANGU MIX JANDO,Rp9.500,,,750+ terjual,4.7
Cimol Keju Leleh isi 20 pcs,Rp10.000,,,250+ terjual,4.6
CUANKI INSTAN BANDUNG,Rp4.500,,,3 rb+ terjual,4.8
Kerupuk Seblak Rafael Mawar Kecil Mentah 500 Gr / Seblak Viral YONGKI,Rp11.980,insanprimastore,Tangerang Selatan,30+ terjual,5.0
Kerupuk Bawang Prima / Kerupuk Warna Warni / Krupuk Seblak 100gr,Rp8.000,food Service Ingredients,Jakarta Timur,,
Kylafood Seblak Karuhun Play,Rp12.825,kylafood,Bandung,250+ terjual,4.9
cuanki tahu gepeng isi 50 pcs toping seblak baso aci,Rp19.500,CUANKI CULAMETAN,Kab. Garut,100+ terjual,4.9
SEBLAK INSTANT PEDAS JERUK,Rp5.800,ICIP ICIP SNACK BANDUNG,Kab. Bandung,19 terjual,5.0
"baso aci, bakso aci, cuanki, seblak instan, boci",Rp8.000,baso aci masabi,Jakarta Selatan,2rb+ terjual,4.8
Paket 7 Pack Seblak Instant CARLA,Rp145.000,Seblak carla,Tangerang,30+ terjual,4.9
MIE BURUNG DARA ISI 30 PCS BASO ACI/BOCI/SEBLAK,Rp26.000,ArfaOnlineShop,Tangerang,40+ terjual,4.6
KERUPUK JABLAY BANTET SEBLAK PELANGI,Rp15.999,Toko kue Sumber Mas,Jakarta Timur,500+ terjual,4.9
Geli Chips - Seblak Kering Pedas Gurih Daun Jeruk 65gr,Rp10.200,Foodstocks,Jakarta Selatan,40+ terjual,5.0
"Seblak Rafael, Seblak Coet Instan Halal",Rp25.000,Brother Meat Shop,Depok,250+ terjual,5.0
Seblak Instan Ceu Nthien Khas Bandung Rasana Ngeunah Pisan,Rp17.000,Central Seblak Nusantara,Tangerang Selatan,2rb+ terjual,4.9
Seblak Instan Pedas Home Made,Rp3.500,the Dhecip,Tangerang Selatan,3rb+ terjual,4.9
SEBLAK INSTANT TERMURAH,Rp4.450,Pusat Cuankie & Cemilan Frozen,Jakarta Timur,10rb+ terjual,4.8
SEBLAK INSTAN MAMANG TERMURAH,Rp4.200,global cookware1,Jakarta Barat,250+ terjual,5.0
KERUPUK SEBLAK PEDAS / KRUPUK SEBLAK KERING DAUN JERUK PEDES,Rp25.000,LEGIT SNACK,Jakarta Barat,60+ terjual,5.0
SEBRING KRUPUK KERUPUK SEBLAK KERING PEDAS DAUN JERUK 1KG CABE ASLI,Rp16.000,Aydaa Snack,Surakarta,90+ terjual,4.9
"siomay kering bandung 500 gr. untuk baso aci, seblak ,mie ayam dll",Rp14.999,aghniya,Tangerang Selatan,750+ terjual,4.9
kerupuk seblak kering pedas 1 kg keripik hot spicy camilan kekinian,Rp41.000,JAGO TOK PETOK,Surabaya,100+ terjual,4.9
KERUPUK SEBLAK RAFAEL KERING BANTAT PEDES DAUN JERUK 250gr,Rp18.000,AyundaSnack,Bandung,80+ terjual,4.9
"Seblak Rafael, Seblak Coet Instan Halal",Rp25.000,Brother Meat Shop,Depok,250+ terjual,5.0
Kerupuk Seblak Rafael Pedas / Seblak Mawar Pedes - Duo Bocil Snack,Rp16.000,DUO BOCIL SNACK,Depok,100+ terjual,5.0
Gelifood Seblak Instan Kerupuk Mawar Bumbu Kencur Rafael Pedas Gurih,Rp15.000,Lidigeli,Kab. Garut,250+ terjual,4.8
Kerupuk Seblak Rafael Mawar Kecil Mentah 500 Gr / Seblak Viral YONGKI,Rp11.980,insanprimastore,Tangerang Selatan,30+ terjual,5.0
Kerupuk SEBLAK MAWAR Rafael - Cikruh Daun Jeruk,Rp20.000,KRIUK JAYA,Jakarta Barat,40+ terjual,4.9
"Seblak Rafael, Seblak Coet Instan Halal",Rp25.000,Brother Meat Shop,Depok,250+ terjual,5.0
Seblak Instan Ceu Nthien Khas Bandung Rasana Ngeunah Pisan,Rp17.000,Central Seblak Nusantara,Tangerang Selatan,2rb+ terjual,4.9
"Kylafood Seblak Rempah Autentik 115gr, Seblak Instan Halal",Rp9.900,Brother Meat Shop,Depok,100+ terjual,4.9
Seblak Instan Pedas Home Made,Rp3.500,the Dhecip,Tangerang Selatan,3rb+ terjual,4.9
SEBLAK INSTANT TERMURAH,Rp4.450,Pusat Cuankie & Cemilan Frozen,Jakarta Timur,10rb+ terjual,4.8
SEBRING KRUPUK KERUPUK SEBLAK KERING PEDAS DAUN JERUK 1KG CABE ASLI,Rp16.000,Aydaa Snack,Surakarta,90+ terjual,4.9
Gelifood Seblak Instan Kerupuk Mawar Bumbu Kencur Rafael Pedas Gurih,Rp15.000,Lidigeli,Kab. Garut,250+ terjual,4.8
kerupuk seblak polos pedas 500gr jajanan cemilan sneck makanan keripik,Rp20.000,pelangi khatulistiwa 2,Surabaya,40+ terjual,4.9
seblak basreng pedas original exstra daun jeruk 500gram,Rp25.000,Seblak putra bandung,Kab. Bandung,250+ terjual,4.8
Kerupuk Seblak Rafael Pedas / Seblak Mawar Pedes - Duo Bocil Snack,Rp16.000,DUO BOCIL SNACK,Depok,100+ terjual,5.0
Paket 1 Cemilan Keluarga Tokpokki/Tteobokki+Odeng/Eomuk+Saos Gochujan,Rp108.559,,,70+ terjual,5.0
Paket MIX Cemil Keluarga Tokpokki 1Kg + Odeng 1/2Kg + Saos 500ml,Rp81.559,,,70+ terjual,4.9
Topokki 1 Kg [Grosir Murah],Rp24.000,,,100+ terjual,5.0
siomay mini kering 1kg / gurilem toping seblak baso aci cuanki,Rp25.500,CuankiCulametan,Kab. Garut,100+ terjual,4.9
Paket 5 pcs Seblak Instan Ceu Nthien terdekat Viral,Rp85.000,Central Seblak Nusantara,Tangerang Selatan,21 terjual,5.0
siomay kering besar murah 50 pcs toping seblak baso aci cuanki,Rp12.999,CuankiCulametan,Kab. Garut,100+ terjual,4.9
Kylafood Mix Fav Selebgram Seblak Original & Batagor kuah,Rp47.840,kylafood,Bandung,100+ terjual,4.7
Keripik Kentang Asli Potalo Snacks - Seblak pedas potato chips,Rp30.000,Potalo,Jakarta Barat,7 terjual,4.8
Seblak Seafood Instan,Rp7.500,Cemilan Malang,Malang,18 terjual,5.0
KERUPUK SEBLAK PEDAS KENCUR / SEMBRING SEBLAK KERITING BANTET 500 GRAM,Rp38.000,TOKO KUE MEISYA,Jakarta Pusat,50+ terjual,5.0
(PROMO MURAH) Seblak instan jajanan khas bandung by karoppotta,Rp8.380,karoppotta official,Makassar,70+ terjual,4.9
KERUPUK SEBLAK KENCUR/SEBLAK CIKRUH BERAT 500 GRAM,Rp22.500,aurel prima snack,Jakarta Barat,18 terjual,4.6
COMBO HALU! 2PC BAKSO ACI INSTANT + 2PC SEBLAK - EMAK INDAH FOOD,Rp89.200,Pempek Emak Indah,Jakarta Barat,30+ terjual,4.8
"Seblak Rafael, Seblak Coet Instan Halal",Rp25.000,Brother Meat Shop,Depok,250+ terjual,5.0
Seblak Instan Ceu Nthien Khas Bandung Rasana Ngeunah Pisan,Rp17.000,Central Seblak Nusantara,Tangerang Selatan,2rb+ terjual,4.9
Seblak Instan Pedas Home Made,Rp3.500,the Dhecip,Tangerang Selatan,3rb+ terjual,4.9
SEBLAK INSTANT TERMURAH,Rp4.450,Pusat Cuankie & Cemilan Frozen,Jakarta Timur,10rb+ terjual,4.8
SEBLAK INSTAN MAMANG TERMURAH,Rp4.200,global cookware1,Jakarta Barat,250+ terjual,5.0
KERUPUK SEBLAK PEDAS / KRUPUK SEBLAK KERING DAUN JERUK PEDES,Rp25.000,LEGIT SNACK,Jakarta Barat,60+ terjual,5.0
SEBRING KRUPUK KERUPUK SEBLAK KERING PEDAS DAUN JERUK 1KG CABE ASLI,Rp16.000,Aydaa Snack,Surakarta,90+ terjual,4.9
"siomay kering bandung 500 gr. untuk baso aci, seblak ,mie ayam dll",Rp14.999,aghniya,Tangerang Selatan,750+ terjual,4.9
kerupuk seblak kering pedas 1 kg keripik hot spicy camilan kekinian,Rp41.000,JAGO TOK PETOK,Surabaya,100+ terjual,4.9
KERUPUK SEBLAK RAFAEL KERING BANTAT PEDES DAUN JERUK 250gr,Rp18.000,AyundaSnack,Bandung,80+ terjual,4.9
"Seblak Rafael, Seblak Coet Instan Halal",Rp25.000,Brother Meat Shop,Depok,250+ terjual,5.0
Kerupuk Seblak Rafael Pedas / Seblak Mawar Pedes - Duo Bocil Snack,Rp16.000,DUO BOCIL SNACK,Depok,100+ terjual,5.0
Gelifood Seblak Instan Kerupuk Mawar Bumbu Kencur Rafael Pedas Gurih,Rp15.000,Lidigeli,Kab. Garut,250+ terjual,4.8
Kerupuk Seblak Rafael Mawar Kecil Mentah 500 Gr / Seblak Viral YONGKI,Rp11.980,insanprimastore,Tangerang Selatan,30+ terjual,5.0
Kerupuk SEBLAK MAWAR Rafael - Cikruh Daun Jeruk,Rp20.000,KRIUK JAYA,Jakarta Barat,40+ terjual,4.9
"Seblak Rafael, Seblak Coet Instan Halal",Rp25.000,Brother Meat Shop,Depok,250+ terjual,5.0
Seblak Instan Ceu Nthien Khas Bandung Rasana Ngeunah Pisan,Rp17.000,Central Seblak Nusantara,Tangerang Selatan,2rb+ terjual,4.9
"Kylafood Seblak Rempah Autentik 115gr, Seblak Instan Halal",Rp9.900,Brother Meat Shop,Depok,100+ terjual,4.9
Seblak Instan Pedas Home Made,Rp3.500,the Dhecip,Tangerang Selatan,3rb+ terjual,4.9
SEBLAK INSTANT TERMURAH,Rp4.450,Pusat Cuankie & Cemilan Frozen,Jakarta Timur,10rb+ terjual,4.8
SEBRING KRUPUK KERUPUK SEBLAK KERING PEDAS DAUN JERUK 1KG CABE ASLI,Rp16.000,Aydaa Snack,Surakarta,90+ terjual,4.9
Gelifood Seblak Instan Kerupuk Mawar Bumbu Kencur Rafael Pedas Gurih,Rp15.000,Lidigeli,Kab. Garut,250+ terjual,4.8
kerupuk seblak polos pedas 500gr jajanan cemilan sneck makanan keripik,Rp20.000,pelangi khatulistiwa 2,Surabaya,40+ terjual,4.9
seblak basreng pedas original exstra daun jeruk 500gram,Rp25.000,Seblak putra bandung,Kab. Bandung,250+ terjual,4.8
Kerupuk Seblak Rafael Pedas / Seblak Mawar Pedes - Duo Bocil Snack,Rp16.000,DUO BOCIL SNACK,Depok,100+ terjual,5.0
Kerupuk Seblak Rafael Pedas / Seblak Mawar Pedes - Duo Bocil Snack,Rp16.000,,,100+ terjual,
Kerupuk Seblak Pedas Gurih aroma Kencur,Rp15.000,,,1rb+ terjual,
Baso Aci Instan Murah Asli Bandung (Reseller),Rp5.702,Berkah Food Bandung,Cimahi,10rb+ terjual,4.9
Keripik Singkong Kalimantan,Rp21.000,Pisang Goreng Madu Bu Nanik,Jakarta Barat,1rb+ terjual,4.8
jagung marning 250 gr,Rp16.000,oke snack,Jakarta Selatan,500+ terjual,4.9
Peyek Bayam Tridara Snack,Rp16.500,Pisang Goreng Madu Bu Nanik,Jakarta Barat,500+ terjual,4.7
Geli Chips - Basreng Spicy Pedas Gurih Daun Jeruk (Bakso Goreng) 65gr,Rp10.200,Foodstocks,Jakarta Selatan,100+ terjual,4.9
SEBLAK INSTAN SIAP SAJI,Rp15.897,nyemilsaji,Kab. Bandung,1rb+ terjual,4.8
kerupuk bubur/ seblak / gado- gado/ ketoprak 500gr,Rp18.000,Taufik Bumbu Giling,Jakarta Selatan,100+ terjual,4.9
SEBLAK RAFAEL SHYFA SNACK,Rp3.000,shyfa snack,Kab. Sidoarjo,9 terjual,5.0
seblak instant khas bandung,Rp62.000,Seblak Alipbata,Tangerang,100+ terjual,4.8
SEBRING KRUPUK KERUPUK SEBLAK KERING PEDAS DAUN JERUK 1KG CABE ASLI,Rp16.000,Aydaa Snack,Surakarta,90+ terjual,4.9
"Seblak Rafael, Seblak Coet Instan Halal",Rp25.000,Brother Meat Shop,Depok,250+ terjual,5.0
Seblak Instan Ceu Nthien Khas Bandung Rasana Ngeunah Pisan,Rp17.000,Central Seblak Nusantara,Tangerang Selatan,2rb+ terjual,4.9
Seblak Instan Pedas Home Made,Rp3.500,the Dhecip,Tangerang Selatan,3rb+ terjual,4.9
SEBLAK INSTANT TERMURAH,Rp4.450,Pusat Cuankie & Cemilan Frozen,Jakarta Timur,10rb+ terjual,4.8
SEBLAK INSTAN MAMANG TERMURAH,Rp4.200,global cookware1,Jakarta Barat,250+ terjual,5.0
KERUPUK SEBLAK PEDAS / KRUPUK SEBLAK KERING DAUN JERUK PEDES,Rp25.000,LEGIT SNACK,Jakarta Barat,60+ terjual,5.0
SEBRING KRUPUK KERUPUK SEBLAK KERING PEDAS DAUN JERUK 1KG CABE ASLI,Rp16.000,Aydaa Snack,Surakarta,90+ terjual,4.9
"siomay kering bandung 500 gr. untuk baso aci, seblak ,mie ayam dll",Rp14.999,aghniya,Tangerang Selatan,750+ terjual,4.9
kerupuk seblak kering pedas 1 kg keripik hot spicy camilan kekinian,Rp41.000,JAGO TOK PETOK,Surabaya,100+ terjual,4.9
KERUPUK SEBLAK RAFAEL KERING BANTAT PEDES DAUN JERUK 250gr,Rp18.000,AyundaSnack,Bandung,80+ terjual,4.9
"Seblak Rafael, Seblak Coet Instan Halal",Rp25.000,Brother Meat Shop,Depok,250+ terjual,5.0
Kerupuk Seblak Rafael Pedas / Seblak Mawar Pedes - Duo Bocil Snack,Rp16.000,DUO BOCIL SNACK,Depok,100+ terjual,5.0
Gelifood Seblak Instan Kerupuk Mawar Bumbu Kencur Rafael Pedas Gurih,Rp15.000,Lidigeli,Kab. Garut,250+ terjual,4.8
Kerupuk Seblak Rafael Mawar Kecil Mentah 500 Gr / Seblak Viral YONGKI,Rp11.980,insanprimastore,Tangerang Selatan,30+ terjual,5.0
Kerupuk SEBLAK MAWAR Rafael - Cikruh Daun Jeruk,Rp20.000,KRIUK JAYA,Jakarta Barat,40+ terjual,4.9
"Seblak Rafael, Seblak Coet Instan Halal",Rp25.000,Brother Meat Shop,Depok,250+ terjual,5.0
Seblak Instan Ceu Nthien Khas Bandung Rasana Ngeunah Pisan,Rp17.000,Central Seblak Nusantara,Tangerang Selatan,2rb+ terjual,4.9
"Kylafood Seblak Rempah Autentik 115gr, Seblak Instan Halal",Rp9.900,Brother Meat Shop,Depok,100+ terjual,4.9
Seblak Instan Pedas Home Made,Rp3.500,the Dhecip,Tangerang Selatan,3rb+ terjual,4.9
SEBLAK INSTANT TERMURAH,Rp4.450,Pusat Cuankie & Cemilan Frozen,Jakarta Timur,10rb+ terjual,4.8
SEBRING KRUPUK KERUPUK SEBLAK KERING PEDAS DAUN JERUK 1KG CABE ASLI,Rp16.000,Aydaa Snack,Surakarta,90+ terjual,4.9
Gelifood Seblak Instan Kerupuk Mawar Bumbu Kencur Rafael Pedas Gurih,Rp15.000,Lidigeli,Kab. Garut,250+ terjual,4.8
kerupuk seblak polos pedas 500gr jajanan cemilan sneck makanan keripik,Rp20.000,pelangi khatulistiwa 2,Surabaya,40+ terjual,4.9
seblak basreng pedas original exstra daun jeruk 500gram,Rp25.000,Seblak putra bandung,Kab. Bandung,250+ terjual,4.8
Kerupuk Seblak Rafael Pedas / Seblak Mawar Pedes - Duo Bocil Snack,Rp16.000,DUO BOCIL SNACK,Depok,100+ terjual,5.0
Kerupuk Seblak Rafael Mawar Kecil Mentah 500 Gr / Seblak Viral YONGKI,Rp11.980,,,30+ terjual,
Kerupuk Joged Bawang Bibir Warna Warni mentah 500gr Seblak,Rp10.500,,,28 terjual,
Baso Aci Kriboow Special Wagyu Cincang Selera Martini,Rp26.970,Foodstocks,Jakarta Selatan,500+ terjual,4.9
Keripik Singkong Keju Sari Roso,Rp26.000,Pisang Goreng Madu Bu Nanik,Jakarta Barat,250+ terjual,4.8
Keripik Ubi Ungu Sari Roso,Rp26.000,Pisang Goreng Madu Bu Nanik,Jakarta Barat,250+ terjual,5.0
Kerupuk rambak sapi,Rp15.000,Pisang Goreng Madu Bu Nanik,Jakarta Barat,1rb+ terjual,4.9
Snack Mie Goreng Medan,Rp14.500,Pisang Goreng Madu Bu Nanik,Jakarta Barat,500+ terjual,4.8
pilus cikur / pilus seblak baso aci - 250gram,Rp12.000,yumnaa snack,Kab. Bekasi,30+ terjual,4.8
CIKEMAM- SEBLAK SEUHAH BANDUNG PEDAS HALAL,Rp14.900,CIKEMAM,Cimahi,70+ terjual,4.9
Seblak Ceker Cap Dua Putra,Rp8.000,Medina Snack Grosir,Kab. Sukabumi,100+ terjual,5.0
SEBLAK INSTAN special bumbu kencur rasa lezat,Rp5.999,aghniya,Tangerang Selatan,2rb+ terjual,4.8
GEPREK Baso Aci Geprek Seblak Geprek boci instant samiraos boci geprek,Rp15.750,Mas Shop Surabaya,Surabaya,250+ terjual,4.7
"Seblak Rafael, Seblak Coet Instan Halal",Rp25.000,Brother Meat Shop,Depok,250+ terjual,5.0
Seblak Instan Ceu Nthien Khas Bandung Rasana Ngeunah Pisan,Rp17.000,Central Seblak Nusantara,Tangerang Selatan,2rb+ terjual,4.9
Seblak Instan Pedas Home Made,Rp3.500,the Dhecip,Tangerang Selatan,3rb+ terjual,4.9
SEBLAK INSTANT TERMURAH,Rp4.450,Pusat Cuankie & Cemilan Frozen,Jakarta Timur,10rb+ terjual,4.8
SEBLAK INSTAN MAMANG TERMURAH,Rp4.200,global cookware1,Jakarta Barat,250+ terjual,5.0
KERUPUK SEBLAK PEDAS / KRUPUK SEBLAK KERING DAUN JERUK PEDES,Rp25.000,LEGIT SNACK,Jakarta Barat,60+ terjual,5.0
SEBRING KRUPUK KERUPUK SEBLAK KERING PEDAS DAUN JERUK 1KG CABE ASLI,Rp16.000,Aydaa Snack,Surakarta,90+ terjual,4.9
"siomay kering bandung 500 gr. untuk baso aci, seblak ,mie ayam dll",Rp14.999,aghniya,Tangerang Selatan,750+ terjual,4.9
kerupuk seblak kering pedas 1 kg keripik hot spicy camilan kekinian,Rp41.000,JAGO TOK PETOK,Surabaya,100+ terjual,4.9
KERUPUK SEBLAK RAFAEL KERING BANTAT PEDES DAUN JERUK 250gr,Rp18.000,AyundaSnack,Bandung,80+ terjual,4.9
"Seblak Rafael, Seblak Coet Instan Halal",Rp25.000,Brother Meat Shop,Depok,250+ terjual,5.0
Kerupuk Seblak Rafael Pedas / Seblak Mawar Pedes - Duo Bocil Snack,Rp16.000,DUO BOCIL SNACK,Depok,100+ terjual,5.0
Gelifood Seblak Instan Kerupuk Mawar Bumbu Kencur Rafael Pedas Gurih,Rp15.000,Lidigeli,Kab. Garut,250+ terjual,4.8
Kerupuk Seblak Rafael Mawar Kecil Mentah 500 Gr / Seblak Viral YONGKI,Rp11.980,insanprimastore,Tangerang Selatan,30+ terjual,5.0
Kerupuk SEBLAK MAWAR Rafael - Cikruh Daun Jeruk,Rp20.000,KRIUK JAYA,Jakarta Barat,40+ terjual,4.9
"Seblak Rafael, Seblak Coet Instan Halal",Rp25.000,Brother Meat Shop,Depok,250+ terjual,5.0
Seblak Instan Ceu Nthien Khas Bandung Rasana Ngeunah Pisan,Rp17.000,Central Seblak Nusantara,Tangerang Selatan,2rb+ terjual,4.9
"Kylafood Seblak Rempah Autentik 115gr, Seblak Instan Halal",Rp9.900,Brother Meat Shop,Depok,100+ terjual,4.9
Seblak Instan Pedas Home Made,Rp3.500,the Dhecip,Tangerang Selatan,3rb+ terjual,4.9
SEBLAK INSTANT TERMURAH,Rp4.450,Pusat Cuankie & Cemilan Frozen,Jakarta Timur,10rb+ terjual,4.8
SEBRING KRUPUK KERUPUK SEBLAK KERING PEDAS DAUN JERUK 1KG CABE ASLI,Rp16.000,Aydaa Snack,Surakarta,90+ terjual,4.9
Gelifood Seblak Instan Kerupuk Mawar Bumbu Kencur Rafael Pedas Gurih,Rp15.000,Lidigeli,Kab. Garut,250+ terjual,4.8
kerupuk seblak polos pedas 500gr jajanan cemilan sneck makanan keripik,Rp20.000,pelangi khatulistiwa 2,Surabaya,40+ terjual,4.9
seblak basreng pedas original exstra daun jeruk 500gram,Rp25.000,Seblak putra bandung,Kab. Bandung,250+ terjual,4.8
Kerupuk Seblak Rafael Pedas / Seblak Mawar Pedes - Duo Bocil Snack,Rp16.000,DUO BOCIL SNACK,Depok,100+ terjual,5.0
Kerupuk Seblak Rafael / Seblak Pedas 250 Gram - Tam Snack,Rp16.000,,,13 terjual,
Kerupuk Seblak Pedas Gurih Kencur 250 Gram - Tam Snack,Rp14.000,,,100+ terjual,
Seblak Basah Instan Good Friend (90gr),Rp17.700,Gerai Snack Official Shop,Kab. Tangerang,40+ terjual,5.0
SEBLAK KICIMPRING MANG MUSS,Rp9.999,Seblak Mang Muss,Tasikmalaya,750+ terjual,4.8
Bundling 3 - Seblak Bapper - Seblak Basranger - Seblak Terciduk,Rp51.900,Gerai Snack Official Shop,Kab. Tangerang,9 terjual,
Seblak / Seblak Kering / Kerupuk Seblak Kering Pedas,Rp15.000,Bung Boe Snack,Kab. Sumedang,40+ terjual,5.0
Kylafood Seblak Original,Rp18.000,kylafood,Bandung,10rb+ terjual,4.9
Kerupuk Seblak Pedas Gurih aroma Kencur,Rp15.000,DUO BOCIL SNACK,Depok,1rb+ terjual,4.7
Makanan Ringan Seblak Makaroni Spiral Pedas Kering,Rp5.000,BLIBET,Jakarta Barat,6 terjual,5.0
Seblak Putih Odjolali Snack,Rp11.000,Odjolali Snack,Bandung,100+ terjual,5.0
[READY MEDAN] Seblak Marenta Instan Asli Bandung Komplit Pedas Gurih,Rp18.000,CemilanPuas,Medan,50+ terjual,5.0
seblak geprek,Rp18.500,Jajanan Hits (JS),Tangerang Selatan,11 terjual,5.0
"Seblak Rafael, Seblak Coet Instan Halal",Rp25.000,Brother Meat Shop,Depok,250+ terjual,5.0
Seblak Instan Ceu Nthien Khas Bandung Rasana Ngeunah Pisan,Rp17.000,Central Seblak Nusantara,Tangerang Selatan,2rb+ terjual,4.9
Seblak Instan Pedas Home Made,Rp3.500,the Dhecip,Tangerang Selatan,3rb+ terjual,4.9
SEBLAK INSTANT TERMURAH,Rp4.450,Pusat Cuankie & Cemilan Frozen,Jakarta Timur,10rb+ terjual,4.8
SEBLAK INSTAN MAMANG TERMURAH,Rp4.200,global cookware1,Jakarta Barat,250+ terjual,5.0
KERUPUK SEBLAK PEDAS / KRUPUK SEBLAK KERING DAUN JERUK PEDES,Rp25.000,LEGIT SNACK,Jakarta Barat,60+ terjual,5.0
SEBRING KRUPUK KERUPUK SEBLAK KERING PEDAS DAUN JERUK 1KG CABE ASLI,Rp16.000,Aydaa Snack,Surakarta,90+ terjual,4.9
"siomay kering bandung 500 gr. untuk baso aci, seblak ,mie ayam dll",Rp14.999,aghniya,Tangerang Selatan,750+ terjual,4.9
kerupuk seblak kering pedas 1 kg keripik hot spicy camilan kekinian,Rp41.000,JAGO TOK PETOK,Surabaya,100+ terjual,4.9
KERUPUK SEBLAK RAFAEL KERING BANTAT PEDES DAUN JERUK 250gr,Rp18.000,AyundaSnack,Bandung,80+ terjual,4.9
"Seblak Rafael, Seblak Coet Instan Halal",Rp25.000,Brother Meat Shop,Depok,250+ terjual,5.0
Kerupuk Seblak Rafael Pedas / Seblak Mawar Pedes - Duo Bocil Snack,Rp16.000,DUO BOCIL SNACK,Depok,100+ terjual,5.0
Gelifood Seblak Instan Kerupuk Mawar Bumbu Kencur Rafael Pedas Gurih,Rp15.000,Lidigeli,Kab. Garut,250+ terjual,4.8
Kerupuk Seblak Rafael Mawar Kecil Mentah 500 Gr / Seblak Viral YONGKI,Rp11.980,insanprimastore,Tangerang Selatan,30+ terjual,5.0
Kerupuk SEBLAK MAWAR Rafael - Cikruh Daun Jeruk,Rp20.000,KRIUK JAYA,Jakarta Barat,40+ terjual,4.9
"Seblak Rafael, Seblak Coet Instan Halal",Rp25.000,Brother Meat Shop,Depok,250+ terjual,5.0
Seblak Instan Ceu Nthien Khas Bandung Rasana Ngeunah Pisan,Rp17.000,Central Seblak Nusantara,Tangerang Selatan,2rb+ terjual,4.9
"Kylafood Seblak Rempah Autentik 115gr, Seblak Instan Halal",Rp9.900,Brother Meat Shop,Depok,100+ terjual,4.9
Seblak Instan Pedas Home Made,Rp3.500,the Dhecip,Tangerang Selatan,3rb+ terjual,4.9
SEBLAK INSTANT TERMURAH,Rp4.450,Pusat Cuankie & Cemilan Frozen,Jakarta Timur,10rb+ terjual,4.8
SEBRING KRUPUK KERUPUK SEBLAK KERING PEDAS DAUN JERUK 1KG CABE ASLI,Rp16.000,Aydaa Snack,Surakarta,90+ terjual,4.9
Gelifood Seblak Instan Kerupuk Mawar Bumbu Kencur Rafael Pedas Gurih,Rp15.000,Lidigeli,Kab. Garut,250+ terjual,4.8
kerupuk seblak polos pedas 500gr jajanan cemilan sneck makanan keripik,Rp20.000,pelangi khatulistiwa 2,Surabaya,40+ terjual,4.9
seblak basreng pedas original exstra daun jeruk 500gram,Rp25.000,Seblak putra bandung,Kab. Bandung,250+ terjual,4.8
Kerupuk Seblak Rafael Pedas / Seblak Mawar Pedes - Duo Bocil Snack,Rp16.000,DUO BOCIL SNACK,Depok,100+ terjual,5.0
seblak kencur / okesnack,Rp10.000,,,750+ terjual,
Kerupuk Seblak Rafael Mawar Putih Pedas,Rp8.355,,,100+ terjual,
Kerupuk Seblak Jeruk,Rp14.000,,,250+ terjual,
Kylafood Seblak Kwetiaw,Rp22.325,kylafood,Bandung,4rb+ terjual,4.9
Bundle 5pcs - Seblak Basranger Extra Pedas 200gr Makanan Instan Ready,Rp83.500,Rak Sebelah,Jakarta Pusat,1 terjual,
Cimol Spesial K.y.l Kylafood,Rp28.975,kylafood,Bandung,4rb+ terjual,4.9
Bundle 10pcs - Seblak Basranger Extra Pedas 200gr Makanan Instan Ready,Rp165.500,Rak Sebelah,Jakarta Pusat,,
Kylafood Batagor Kuah Play,Rp27.075,kylafood,Bandung,1rb+ terjual,5.0
Seblak Instan Nunaya,Rp15.000,SeblakNunaya,Jakarta Timur,8 terjual,5.0
BASO ACI TULANG RANGU | SUTUY BASO ACI | SEBLAK CUANKI SIOMAY PEDAS,Rp13.450,SnackHero,Kab. Bandung,100+ terjual,4.8
SEBLAK INSTAN+SOSIS,Rp5.500,Griyo Seni,Kab. Sidoarjo,30+ terjual,5.0
bundling Seblak instan Ajahh Unyuu,Rp49.000,Seblak Jeletet Murni,Jakarta Pusat,40+ terjual,4.8
seblak potato 250 gram,Rp11.000,camilanbandung87,Kab. Bandung,100+ terjual,4.8
"Seblak Rafael, Seblak Coet Instan Halal",Rp25.000,Brother Meat Shop,Depok,250+ terjual,5.0
Seblak Instan Ceu Nthien Khas Bandung Rasana Ngeunah Pisan,Rp17.000,Central Seblak Nusantara,Tangerang Selatan,2rb+ terjual,4.9
Seblak Instan Pedas Home Made,Rp3.500,the Dhecip,Tangerang Selatan,3rb+ terjual,4.9
SEBLAK INSTANT TERMURAH,Rp4.450,Pusat Cuankie & Cemilan Frozen,Jakarta Timur,10rb+ terjual,4.8
SEBLAK INSTAN MAMANG TERMURAH,Rp4.200,global cookware1,Jakarta Barat,250+ terjual,5.0
KERUPUK SEBLAK PEDAS / KRUPUK SEBLAK KERING DAUN JERUK PEDES,Rp25.000,LEGIT SNACK,Jakarta Barat,60+ terjual,5.0
SEBRING KRUPUK KERUPUK SEBLAK KERING PEDAS DAUN JERUK 1KG CABE ASLI,Rp16.000,Aydaa Snack,Surakarta,90+ terjual,4.9
"siomay kering bandung 500 gr. untuk baso aci, seblak ,mie ayam dll",Rp14.999,aghniya,Tangerang Selatan,750+ terjual,4.9
kerupuk seblak kering pedas 1 kg keripik hot spicy camilan kekinian,Rp41.000,JAGO TOK PETOK,Surabaya,100+ terjual,4.9
KERUPUK SEBLAK RAFAEL KERING BANTAT PEDES DAUN JERUK 250gr,Rp18.000,AyundaSnack,Bandung,80+ terjual,4.9
"Seblak Rafael, Seblak Coet Instan Halal",Rp25.000,Brother Meat Shop,Depok,250+ terjual,5.0
Kerupuk Seblak Rafael Pedas / Seblak Mawar Pedes - Duo Bocil Snack,Rp16.000,DUO BOCIL SNACK,Depok,100+ terjual,5.0
Gelifood Seblak Instan Kerupuk Mawar Bumbu Kencur Rafael Pedas Gurih,Rp15.000,Lidigeli,Kab. Garut,250+ terjual,4.8
Kerupuk Seblak Rafael Mawar Kecil Mentah 500 Gr / Seblak Viral YONGKI,Rp11.980,insanprimastore,Tangerang Selatan,30+ terjual,5.0
Kerupuk SEBLAK MAWAR Rafael - Cikruh Daun Jeruk,Rp20.000,KRIUK JAYA,Jakarta Barat,40+ terjual,4.9
"Seblak Rafael, Seblak Coet Instan Halal",Rp25.000,Brother Meat Shop,Depok,250+ terjual,5.0
Seblak Instan Ceu Nthien Khas Bandung Rasana Ngeunah Pisan,Rp17.000,Central Seblak Nusantara,Tangerang Selatan,2rb+ terjual,4.9
"Kylafood Seblak Rempah Autentik 115gr, Seblak Instan Halal",Rp9.900,Brother Meat Shop,Depok,100+ terjual,4.9
Seblak Instan Pedas Home Made,Rp3.500,the Dhecip,Tangerang Selatan,3rb+ terjual,4.9
SEBLAK INSTANT TERMURAH,Rp4.450,Pusat Cuankie & Cemilan Frozen,Jakarta Timur,10rb+ terjual,4.8
SEBRING KRUPUK KERUPUK SEBLAK KERING PEDAS DAUN JERUK 1KG CABE ASLI,Rp16.000,Aydaa Snack,Surakarta,90+ terjual,4.9
Gelifood Seblak Instan Kerupuk Mawar Bumbu Kencur Rafael Pedas Gurih,Rp15.000,Lidigeli,Kab. Garut,250+ terjual,4.8
kerupuk seblak polos pedas 500gr jajanan cemilan sneck makanan keripik,Rp20.000,pelangi khatulistiwa 2,Surabaya,40+ terjual,4.9
seblak basreng pedas original exstra daun jeruk 500gram,Rp25.000,Seblak putra bandung,Kab. Bandung,250+ terjual,4.8
Kerupuk Seblak Rafael Pedas / Seblak Mawar Pedes - Duo Bocil Snack,Rp16.000,DUO BOCIL SNACK,Depok,100+ terjual,5.0
seblak kerupuk jengkol pedas daun jeruk renyah,Rp50.000,,,,
seblak kerupuk krmplang bawang pedas daun jeruk,Rp45.000,,,,
seblak as beton seblak kerupuk viral pedas daun jeruk,Rp25.000,,,,
Cuanki tahu atau batagor kering kiloan murah isi 150 seblak baso aci,Rp32.900,CuankiCulametan,Kab. Garut,100+ terjual,4.9
Maicih Basreng,Rp16.900,Gerai Snack Official Shop,Kab. Tangerang,10rb+ terjual,4.8
Basreng Sangarrr,Rp18.900,The Little Snacks,Tangerang Selatan,3rb+ terjual,4.8
Cirambay Terciduk/Aci Rambay Pedas Bumbu Cikruh Bisa Goreng Atau Kuah,Rp18.700,Gerai Snack Official Shop,Kab. Tangerang,100+ terjual,4.7
Paket 7 Pcs Batagor Kuah Ceu Nthien Khas Bandung Rasana Ngeunah Pisan,Rp120.000,Central Seblak Nusantara,Tangerang Selatan,11 terjual,4.8
SEBLAK BAPPER / SEBLAK INSTANT VIRAL / Makanan Khas Bandung Enak,Rp19.000,rumahanekafrozen,Jakarta Barat,12 terjual,5.0
Seblak Ceker pedas ( 1 pak isi 20 pcs 200g ),Rp9.000,Eve'O'Mall,Kab. Tangerang,2 terjual,5.0
Seblak Keju,Rp15.000,Maicih_Official,Bandung,250+ terjual,4.9
seblak kerupuk kering pedas gurih 100 gram,Rp5.000,Seblak putra bandung,Kab. Bandung,100+ terjual,4.8
INDOMIE MI INSTANT RASA SEBLAK HOT JELET,Rp2.850,Hypermart Paragon,Semarang,250+ terjual,4.9
"Seblak Rafael, Seblak Coet Instan Halal",Rp25.000,Brother Meat Shop,Depok,250+ terjual,5.0
Seblak Instan Ceu Nthien Khas Bandung Rasana Ngeunah Pisan,Rp17.000,Central Seblak Nusantara,Tangerang Selatan,2rb+ terjual,4.9
Seblak Instan Pedas Home Made,Rp3.500,the Dhecip,Tangerang Selatan,3rb+ terjual,4.9
SEBLAK INSTANT TERMURAH,Rp4.450,Pusat Cuankie & Cemilan Frozen,Jakarta Timur,10rb+ terjual,4.8
SEBLAK INSTAN MAMANG TERMURAH,Rp4.200,global cookware1,Jakarta Barat,250+ terjual,5.0
KERUPUK SEBLAK PEDAS / KRUPUK SEBLAK KERING DAUN JERUK PEDES,Rp25.000,LEGIT SNACK,Jakarta Barat,60+ terjual,5.0
SEBRING KRUPUK KERUPUK SEBLAK KERING PEDAS DAUN JERUK 1KG CABE ASLI,Rp16.000,Aydaa Snack,Surakarta,90+ terjual,4.9
"siomay kering bandung 500 gr. untuk baso aci, seblak ,mie ayam dll",Rp14.999,aghniya,Tangerang Selatan,750+ terjual,4.9
kerupuk seblak kering pedas 1 kg keripik hot spicy camilan kekinian,Rp41.000,JAGO TOK PETOK,Surabaya,100+ terjual,4.9
KERUPUK SEBLAK RAFAEL KERING BANTAT PEDES DAUN JERUK 250gr,Rp18.000,AyundaSnack,Bandung,80+ terjual,4.9
"Seblak Rafael, Seblak Coet Instan Halal",Rp25.000,Brother Meat Shop,Depok,250+ terjual,5.0
Kerupuk Seblak Rafael Pedas / Seblak Mawar Pedes - Duo Bocil Snack,Rp16.000,DUO BOCIL SNACK,Depok,100+ terjual,5.0
Gelifood Seblak Instan Kerupuk Mawar Bumbu Kencur Rafael Pedas Gurih,Rp15.000,Lidigeli,Kab. Garut,250+ terjual,4.8
Kerupuk Seblak Rafael Mawar Kecil Mentah 500 Gr / Seblak Viral YONGKI,Rp11.980,insanprimastore,Tangerang Selatan,30+ terjual,5.0
Kerupuk SEBLAK MAWAR Rafael - Cikruh Daun Jeruk,Rp20.000,KRIUK JAYA,Jakarta Barat,40+ terjual,4.9
"Seblak Rafael, Seblak Coet Instan Halal",Rp25.000,Brother Meat Shop,Depok,250+ terjual,5.0
Seblak Instan Ceu Nthien Khas Bandung Rasana Ngeunah Pisan,Rp17.000,Central Seblak Nusantara,Tangerang Selatan,2rb+ terjual,4.9
"Kylafood Seblak Rempah Autentik 115gr, Seblak Instan Halal",Rp9.900,Brother Meat Shop,Depok,100+ terjual,4.9
Seblak Instan Pedas Home Made,Rp3.500,the Dhecip,Tangerang Selatan,3rb+ terjual,4.9
SEBLAK INSTANT TERMURAH,Rp4.450,Pusat Cuankie & Cemilan Frozen,Jakarta Timur,10rb+ terjual,4.8
SEBRING KRUPUK KERUPUK SEBLAK KERING PEDAS DAUN JERUK 1KG CABE ASLI,Rp16.000,Aydaa Snack,Surakarta,90+ terjual,4.9
Gelifood Seblak Instan Kerupuk Mawar Bumbu Kencur Rafael Pedas Gurih,Rp15.000,Lidigeli,Kab. Garut,250+ terjual,4.8
kerupuk seblak polos pedas 500gr jajanan cemilan sneck makanan keripik,Rp20.000,pelangi khatulistiwa 2,Surabaya,40+ terjual,4.9
seblak basreng pedas original exstra daun jeruk 500gram,Rp25.000,Seblak putra bandung,Kab. Bandung,250+ terjual,4.8
Kerupuk Seblak Rafael Pedas / Seblak Mawar Pedes - Duo Bocil Snack,Rp16.000,DUO BOCIL SNACK,Depok,100+ terjual,5.0
Kerupuk seblak pedas 250 gram,Rp12.500,,,40+ terjual,
Kerupuk seblak Â½kg / kerupuk seblak pedas 500 gram,Rp19.500,,,60+ terjual,
Kerupuk seblak 1 kg / kerupuk seblak pedas,Rp37.500,,,29 terjual,
Seblak Instan Ceu Nthien Khas Bandung Rasana Ngeunah Pisan,Rp17.000,Central Seblak Nusantara,Tangerang Selatan,2rb+ terjual,4.9
Kerupuk seblak pedas,Rp15.000,MACALONI SNACK,Cimahi,10 terjual,5.0
GFS Seblak Basah Instan Original - Tinggal Seduh 3 Menit Langsung Siap,Rp16.618,Lakoca Official Shop,Cimahi,100+ terjual,4.9
KERUPUK SEBLAK MENTAH 1KG WARNA WARNI - Mawar Warna,Rp23.500,BociKakang,Jakarta Selatan,250+ terjual,5.0
Seblak instant murah,Rp4.900,dapurbulbin,Bandung,,
NAAGIH! PAKET MIX 12 pack : 4 Seblak 4 Cuanki 4 Boci Instant RESELLER!,Rp44.500,Ebay Store,Kab. Tangerang,,
Cuanki Lidah Kering Toping Seblak Baso Sapi,Rp5.500,Pasar Cikurubuk Online,Tasikmalaya,4 terjual,
Kylafood Seblak Tulang Rawan 203gr,Rp29.900,Mode Mart Official Store,Bandung,2 terjual,
Cuanki/siomay kering-topping baso aci-seblak,Rp11.000,Kenangan Garut,Kab. Garut,750+ terjual,5.0
Kerupuk Sari  Udang Mentah 250gr/Kerupuk Seblak,Rp6.800,Sin Nana,Semarang,11 terjual,5.0
"Seblak Rafael, Seblak Coet Instan Halal",Rp25.000,Brother Meat Shop,Depok,250+ terjual,5.0
Seblak Instan Ceu Nthien Khas Bandung Rasana Ngeunah Pisan,Rp17.000,Central Seblak Nusantara,Tangerang Selatan,2rb+ terjual,4.9
Seblak Instan Pedas Home Made,Rp3.500,the Dhecip,Tangerang Selatan,3rb+ terjual,4.9
SEBLAK INSTANT TERMURAH,Rp4.450,Pusat Cuankie & Cemilan Frozen,Jakarta Timur,10rb+ terjual,4.8
SEBLAK INSTAN MAMANG TERMURAH,Rp4.200,global cookware1,Jakarta Barat,250+ terjual,5.0
KERUPUK SEBLAK PEDAS / KRUPUK SEBLAK KERING DAUN JERUK PEDES,Rp25.000,LEGIT SNACK,Jakarta Barat,60+ terjual,5.0
SEBRING KRUPUK KERUPUK SEBLAK KERING PEDAS DAUN JERUK 1KG CABE ASLI,Rp16.000,Aydaa Snack,Surakarta,90+ terjual,4.9
"siomay kering bandung 500 gr. untuk baso aci, seblak ,mie ayam dll",Rp14.999,aghniya,Tangerang Selatan,750+ terjual,4.9
kerupuk seblak kering pedas 1 kg keripik hot spicy camilan kekinian,Rp41.000,JAGO TOK PETOK,Surabaya,100+ terjual,4.9
KERUPUK SEBLAK RAFAEL KERING BANTAT PEDES DAUN JERUK 250gr,Rp18.000,AyundaSnack,Bandung,80+ terjual,4.9
"Seblak Rafael, Seblak Coet Instan Halal",Rp25.000,Brother Meat Shop,Depok,250+ terjual,5.0
Kerupuk Seblak Rafael Pedas / Seblak Mawar Pedes - Duo Bocil Snack,Rp16.000,DUO BOCIL SNACK,Depok,100+ terjual,5.0
Gelifood Seblak Instan Kerupuk Mawar Bumbu Kencur Rafael Pedas Gurih,Rp15.000,Lidigeli,Kab. Garut,250+ terjual,4.8
Kerupuk Seblak Rafael Mawar Kecil Mentah 500 Gr / Seblak Viral YONGKI,Rp11.980,insanprimastore,Tangerang Selatan,30+ terjual,5.0
Kerupuk SEBLAK MAWAR Rafael - Cikruh Daun Jeruk,Rp20.000,KRIUK JAYA,Jakarta Barat,40+ terjual,4.9
"Seblak Rafael, Seblak Coet Instan Halal",Rp25.000,Brother Meat Shop,Depok,250+ terjual,5.0
Seblak Instan Ceu Nthien Khas Bandung Rasana Ngeunah Pisan,Rp17.000,Central Seblak Nusantara,Tangerang Selatan,2rb+ terjual,4.9
"Kylafood Seblak Rempah Autentik 115gr, Seblak Instan Halal",Rp9.900,Brother Meat Shop,Depok,100+ terjual,4.9
Seblak Instan Pedas Home Made,Rp3.500,the Dhecip,Tangerang Selatan,3rb+ terjual,4.9
SEBLAK INSTANT TERMURAH,Rp4.450,Pusat Cuankie & Cemilan Frozen,Jakarta Timur,10rb+ terjual,4.8
SEBRING KRUPUK KERUPUK SEBLAK KERING PEDAS DAUN JERUK 1KG CABE ASLI,Rp16.000,Aydaa Snack,Surakarta,90+ terjual,4.9
Gelifood Seblak Instan Kerupuk Mawar Bumbu Kencur Rafael Pedas Gurih,Rp15.000,Lidigeli,Kab. Garut,250+ terjual,4.8
kerupuk seblak polos pedas 500gr jajanan cemilan sneck makanan keripik,Rp20.000,pelangi khatulistiwa 2,Surabaya,40+ terjual,4.9
seblak basreng pedas original exstra daun jeruk 500gram,Rp25.000,Seblak putra bandung,Kab. Bandung,250+ terjual,4.8
Kerupuk Seblak Rafael Pedas / Seblak Mawar Pedes - Duo Bocil Snack,Rp16.000,DUO BOCIL SNACK,Depok,100+ terjual,5.0
